{
    "position": [
        -627.0834350585938,
        1042.212646484375,
        3138.233642578125
    ],
    "rotation": [
        -21.57460220113661,
        -10.995065209836337,
        2.0004873452185192e-07
    ]
}