{
    "position": [
        -622.6533813476562,
        1013.9884033203125,
        3115.43505859375
    ],
    "rotation": [
        -21.6039412787164,
        -10.998449568570079,
        0.0015936319809618236
    ]
}